Method;Job;AnalyzeLaunchVariance;EvaluateOverhead;MaxAbsoluteError;MaxRelativeError;MinInvokeCount;MinIterationTime;OutlierMode;Affinity;EnvironmentVariables;Jit;Platform;PowerPlanMode;Runtime;AllowVeryLargeObjects;Concurrent;CpuGroups;Force;HeapAffinitizeMask;HeapCount;NoAffinitize;RetainVm;Server;Arguments;BuildConfiguration;Clock;EngineFactory;NuGetReferences;Toolchain;IsMutator;InvocationCount;IterationCount;IterationTime;LaunchCount;MaxIterationCount;MaxWarmupIterationCount;MinIterationCount;MinWarmupIterationCount;RunStrategy;UnrollFactor;WarmupCount;N;Mean;Error;StdDev;Ratio;RatioSD
Default;Default;False;Default;Default;Default;Default;Default;Default;11111111;Empty;RyuJit;X64;8c5e7fda-e8bf-4a96-9a85-a6e23a8c635c;.NET Core 3.0;False;True;False;True;Default;Default;False;False;False;Default;Default;Default;Default;Default;Default;Default;1;Default;Default;Default;Default;Default;Default;Default;Default;16;Default;2;2.636 ns;0.0389 ns;0.0325 ns;1.00;0.00
ReverseVectorized;Default;False;Default;Default;Default;Default;Default;Default;11111111;Empty;RyuJit;X64;8c5e7fda-e8bf-4a96-9a85-a6e23a8c635c;.NET Core 3.0;False;True;False;True;Default;Default;False;False;False;Default;Default;Default;Default;Default;Default;Default;1;Default;Default;Default;Default;Default;Default;Default;Default;16;Default;2;3.033 ns;0.0568 ns;0.0531 ns;1.15;0.03
Default;Default;False;Default;Default;Default;Default;Default;Default;11111111;Empty;RyuJit;X64;8c5e7fda-e8bf-4a96-9a85-a6e23a8c635c;.NET Core 3.0;False;True;False;True;Default;Default;False;False;False;Default;Default;Default;Default;Default;Default;Default;1;Default;Default;Default;Default;Default;Default;Default;Default;16;Default;10;5.663 ns;0.1923 ns;0.1975 ns;1.00;0.00
ReverseVectorized;Default;False;Default;Default;Default;Default;Default;Default;11111111;Empty;RyuJit;X64;8c5e7fda-e8bf-4a96-9a85-a6e23a8c635c;.NET Core 3.0;False;True;False;True;Default;Default;False;False;False;Default;Default;Default;Default;Default;Default;Default;1;Default;Default;Default;Default;Default;Default;Default;Default;16;Default;10;4.021 ns;0.0331 ns;0.0310 ns;0.71;0.02
Default;Default;False;Default;Default;Default;Default;Default;Default;11111111;Empty;RyuJit;X64;8c5e7fda-e8bf-4a96-9a85-a6e23a8c635c;.NET Core 3.0;False;True;False;True;Default;Default;False;False;False;Default;Default;Default;Default;Default;Default;Default;1;Default;Default;Default;Default;Default;Default;Default;Default;16;Default;128;45.169 ns;0.3598 ns;0.3190 ns;1.00;0.00
ReverseVectorized;Default;False;Default;Default;Default;Default;Default;Default;11111111;Empty;RyuJit;X64;8c5e7fda-e8bf-4a96-9a85-a6e23a8c635c;.NET Core 3.0;False;True;False;True;Default;Default;False;False;False;Default;Default;Default;Default;Default;Default;Default;1;Default;Default;Default;Default;Default;Default;Default;Default;16;Default;128;11.147 ns;0.2576 ns;0.4511 ns;0.24;0.01
Default;Default;False;Default;Default;Default;Default;Default;Default;11111111;Empty;RyuJit;X64;8c5e7fda-e8bf-4a96-9a85-a6e23a8c635c;.NET Core 3.0;False;True;False;True;Default;Default;False;False;False;Default;Default;Default;Default;Default;Default;Default;1;Default;Default;Default;Default;Default;Default;Default;Default;16;Default;1000;344.368 ns;6.6383 ns;7.6447 ns;1.00;0.00
ReverseVectorized;Default;False;Default;Default;Default;Default;Default;Default;11111111;Empty;RyuJit;X64;8c5e7fda-e8bf-4a96-9a85-a6e23a8c635c;.NET Core 3.0;False;True;False;True;Default;Default;False;False;False;Default;Default;Default;Default;Default;Default;Default;1;Default;Default;Default;Default;Default;Default;Default;Default;16;Default;1000;82.869 ns;0.6403 ns;0.5676 ns;0.24;0.01
Default;Default;False;Default;Default;Default;Default;Default;Default;11111111;Empty;RyuJit;X64;8c5e7fda-e8bf-4a96-9a85-a6e23a8c635c;.NET Core 3.0;False;True;False;True;Default;Default;False;False;False;Default;Default;Default;Default;Default;Default;Default;1;Default;Default;Default;Default;Default;Default;Default;Default;16;Default;1000000;"489,312.868 ns";"14,985.7719 ns";"44,185.8865 ns";1.00;0.00
ReverseVectorized;Default;False;Default;Default;Default;Default;Default;Default;11111111;Empty;RyuJit;X64;8c5e7fda-e8bf-4a96-9a85-a6e23a8c635c;.NET Core 3.0;False;True;False;True;Default;Default;False;False;False;Default;Default;Default;Default;Default;Default;Default;1;Default;Default;Default;Default;Default;Default;Default;Default;16;Default;1000000;"152,939.678 ns";"2,911.9813 ns";"3,682.7240 ns";0.35;0.03
